https://www.digikala.com/product/dkp-6926463/کلاه-کپ-مدل-زمستانی-گوشگیردار-کد-h-81,۱۸۷۰۰۰,6926463,ﺏﺎﻘﻧ ﻭ ﻩﻼﮐ,75,https://www.digikala.com/product/dkp-6926463/کلاه-کپ-مدل-زمستانی-گوشگیردار-کد-h-81
https://www.digikala.com/product/dkp-2451049/کلاه-کپ-کد-29004,۱۰۱۲۰۰,2451049,ﺏﺎﻘﻧ ﻭ ﻩﻼﮐ,75,https://www.digikala.com/product/dkp-2451049/کلاه-کپ-کد-29004
https://www.digikala.com/product/dkp-5269264/کلاه-کپ-مدل-h-76,۱۶۵۰۰۰,5269264,ﺏﺎﻘﻧ ﻭ ﻩﻼﮐ,75,https://www.digikala.com/product/dkp-5269264/کلاه-کپ-مدل-h-76
https://www.digikala.com/product/dkp-2500005/کلاه-کپ-طرح-برگ-افرا-کد-h-13,۱۲۳۰۰۰,2500005,ﺏﺎﻘﻧ ﻭ ﻩﻼﮐ,75,https://www.digikala.com/product/dkp-2500005/کلاه-کپ-طرح-برگ-افرا-کد-h-13
https://www.digikala.com/product/dkp-2115147/کلاه-کپ-مدل-ad2250,۱۱۰۵۰۰,2115147,ﺏﺎﻘﻧ ﻭ ﻩﻼﮐ,75,https://www.digikala.com/product/dkp-2115147/کلاه-کپ-مدل-ad2250
https://www.digikala.com/product/dkp-2894022/کلاه-کپ-طرح-بارسلونا-کد-h-31-03,۷۹۰۰۰,2894022,ﺏﺎﻘﻧ ﻭ ﻩﻼﮐ,75,https://www.digikala.com/product/dkp-2894022/کلاه-کپ-طرح-بارسلونا-کد-h-31-03
https://www.digikala.com/product/dkp-2894034/کلاه-کپ-طرح-بارسلونا-کد-h-31-04,۷۹۰۰۰,2894034,ﺏﺎﻘﻧ ﻭ ﻩﻼﮐ,75,https://www.digikala.com/product/dkp-2894034/کلاه-کپ-طرح-بارسلونا-کد-h-31-04
https://www.digikala.com/product/dkp-2466968/کلاه-کپ-مدل-h-03,۱۲۷۶۰۰,2466968,ﺏﺎﻘﻧ ﻭ ﻩﻼﮐ,75,https://www.digikala.com/product/dkp-2466968/کلاه-کپ-مدل-h-03
https://www.digikala.com/product/dkp-6517369/کلاه-کپ-مدل-سنگشور-نرم,۱۳۵۰۰۰,6517369,ﺏﺎﻘﻧ ﻭ ﻩﻼﮐ,75,https://www.digikala.com/product/dkp-6517369/کلاه-کپ-مدل-سنگشور-نرم
https://www.digikala.com/product/dkp-6600114/کلاه-کپ-مدل-سنگشور-نرم-کد-h-78-06,۱۲۷۵۰۰,6600114,ﺏﺎﻘﻧ ﻭ ﻩﻼﮐ,75,https://www.digikala.com/product/dkp-6600114/کلاه-کپ-مدل-سنگشور-نرم-کد-h-78-06
https://www.digikala.com/product/dkp-5186067/کلاه-کپ-مدل-h-70r,۱۰۸۰۰۰,5186067,ﺏﺎﻘﻧ ﻭ ﻩﻼﮐ,75,https://www.digikala.com/product/dkp-5186067/کلاه-کپ-مدل-h-70r
https://www.digikala.com/product/dkp-5216549/کلاه-کپ-مدل-side-lacing-h71,۱۲۰۰۰۰,5216549,ﺏﺎﻘﻧ ﻭ ﻩﻼﮐ,75,https://www.digikala.com/product/dkp-5216549/کلاه-کپ-مدل-side-lacing-h71
https://www.digikala.com/product/dkp-2900203/کلاه-آفتاب-گیر-کد-h-35,۸۵۵۰۰,2900203,ﺏﺎﻘﻧ ﻭ ﻩﻼﮐ,75,https://www.digikala.com/product/dkp-2900203/کلاه-آفتاب-گیر-کد-h-35
https://www.digikala.com/product/dkp-6518425/کلاه-کپ-مدل-سنگشور-نرم-کد-h-78-05,۱۳۵۰۰۰,6518425,ﺏﺎﻘﻧ ﻭ ﻩﻼﮐ,75,https://www.digikala.com/product/dkp-6518425/کلاه-کپ-مدل-سنگشور-نرم-کد-h-78-05
https://www.digikala.com/product/dkp-6567927/کلاه-کپ-مدل-الوان-گلدوزی-شده-کد-h-80-04,۱۳۶۰۰۰,6567927,ﺏﺎﻘﻧ ﻭ ﻩﻼﮐ,75,https://www.digikala.com/product/dkp-6567927/کلاه-کپ-مدل-الوان-گلدوزی-شده-کد-h-80-04
https://www.digikala.com/product/dkp-5074782/کلاه-کپ-مدل-h-69a,۱۰۸۰۰۰,5074782,ﺏﺎﻘﻧ ﻭ ﻩﻼﮐ,75,https://www.digikala.com/product/dkp-5074782/کلاه-کپ-مدل-h-69a
https://www.digikala.com/product/dkp-6518289/کلاه-کپ-مدل-سنگشور-نرم-کد-h-78-04,۱۲۷۵۰۰,6518289,ﺏﺎﻘﻧ ﻭ ﻩﻼﮐ,75,https://www.digikala.com/product/dkp-6518289/کلاه-کپ-مدل-سنگشور-نرم-کد-h-78-04
https://www.digikala.com/product/dkp-2482304/کلاه-کپ-طرح-رئال-مادرید-کد-h-10,۹۴۵۰۰,2482304,ﺏﺎﻘﻧ ﻭ ﻩﻼﮐ,75,https://www.digikala.com/product/dkp-2482304/کلاه-کپ-طرح-رئال-مادرید-کد-h-10
https://www.digikala.com/product/dkp-2883413/کلاه-کپ-طرح-بارسلونا-کد-h-31,۷۹۰۰۰,2883413,ﺏﺎﻘﻧ ﻭ ﻩﻼﮐ,75,https://www.digikala.com/product/dkp-2883413/کلاه-کپ-طرح-بارسلونا-کد-h-31
https://www.digikala.com/product/dkp-6600146/کلاه-کپ-مدل-سنگشور-نرم-کد-h-78-07,۱۲۷۵۰۰,6600146,ﺏﺎﻘﻧ ﻭ ﻩﻼﮐ,75,https://www.digikala.com/product/dkp-6600146/کلاه-کپ-مدل-سنگشور-نرم-کد-h-78-07
https://www.digikala.com/product/dkp-2465152/کلاه-کپ-مدل-h-01,۹۹۰۰۰,2465152,ﺏﺎﻘﻧ ﻭ ﻩﻼﮐ,75,https://www.digikala.com/product/dkp-2465152/کلاه-کپ-مدل-h-01
https://www.digikala.com/product/dkp-6517325/کلاه-کپ-مدل-سنگشور-نرم,۱۳۵۰۰۰,6517325,ﺏﺎﻘﻧ ﻭ ﻩﻼﮐ,75,https://www.digikala.com/product/dkp-6517325/کلاه-کپ-مدل-سنگشور-نرم
https://www.digikala.com/product/dkp-3249098/کلاه-کپ-کد-h-49,۱۲۳۲۵۰,3249098,ﺏﺎﻘﻧ ﻭ ﻩﻼﮐ,75,https://www.digikala.com/product/dkp-3249098/کلاه-کپ-کد-h-49
https://www.digikala.com/product/dkp-6566027/کلاه-کپ-مدل-الوان-گلدوزی-شده-کد-h-80-02,۱۳۶۰۰۰,6566027,ﺏﺎﻘﻧ ﻭ ﻩﻼﮐ,75,https://www.digikala.com/product/dkp-6566027/کلاه-کپ-مدل-الوان-گلدوزی-شده-کد-h-80-02
https://www.digikala.com/product/dkp-2472395/کلاه-کپ-مدل-h-08,۵۹۹۰۰,2472395,ﺏﺎﻘﻧ ﻭ ﻩﻼﮐ,75,https://www.digikala.com/product/dkp-2472395/کلاه-کپ-مدل-h-08
https://www.digikala.com/product/dkp-6567901/کلاه-کپ-مدل-الوان-گلدوزی-شده-کد-h-80-03,۱۳۶۰۰۰,6567901,ﺏﺎﻘﻧ ﻭ ﻩﻼﮐ,75,https://www.digikala.com/product/dkp-6567901/کلاه-کپ-مدل-الوان-گلدوزی-شده-کد-h-80-03
https://www.digikala.com/product/dkp-5374762/کلاه-کپ-مدل-side-lacing-h77,۱۲۰۰۰۰,5374762,ﺏﺎﻘﻧ ﻭ ﻩﻼﮐ,75,https://www.digikala.com/product/dkp-5374762/کلاه-کپ-مدل-side-lacing-h77
https://www.digikala.com/product/dkp-3148252/کلاه-کپ-کد-h-46,۱۲۳۲۵۰,3148252,ﺏﺎﻘﻧ ﻭ ﻩﻼﮐ,75,https://www.digikala.com/product/dkp-3148252/کلاه-کپ-کد-h-46
https://www.digikala.com/product/dkp-5260432/کلاه-کپ-مدل-h-75,۱۰۸۰۰۰,5260432,ﺏﺎﻘﻧ ﻭ ﻩﻼﮐ,75,https://www.digikala.com/product/dkp-5260432/کلاه-کپ-مدل-h-75
https://www.digikala.com/product/dkp-5230645/کلاه-کپ-مدل-side-h-73,۱۲۰۰۰۰,5230645,ﺏﺎﻘﻧ ﻭ ﻩﻼﮐ,75,https://www.digikala.com/product/dkp-5230645/کلاه-کپ-مدل-side-h-73
https://www.digikala.com/product/dkp-6554377/کلاه-کپ-مدل-توری-دار-کد-h-79,۱۲۷۵۰۰,6554377,ﺏﺎﻘﻧ ﻭ ﻩﻼﮐ,75,https://www.digikala.com/product/dkp-6554377/کلاه-کپ-مدل-توری-دار-کد-h-79
https://www.digikala.com/product/dkp-2511096/کلاه-کپ-کد-h-20,۱۰۴۰۰۰,2511096,ﺏﺎﻘﻧ ﻭ ﻩﻼﮐ,75,https://www.digikala.com/product/dkp-2511096/کلاه-کپ-کد-h-20
https://www.digikala.com/product/dkp-2911145/کلاه-کپ-کد-h-37,۱۴۴۵۰۰,2911145,ﺏﺎﻘﻧ ﻭ ﻩﻼﮐ,75,https://www.digikala.com/product/dkp-2911145/کلاه-کپ-کد-h-37
https://www.digikala.com/product/dkp-6564280/کلاه-کپ-مدل-الوان-گلدوزی-شده-کد-h-80-01,۱۳۶۰۰۰,6564280,ﺏﺎﻘﻧ ﻭ ﻩﻼﮐ,75,https://www.digikala.com/product/dkp-6564280/کلاه-کپ-مدل-الوان-گلدوزی-شده-کد-h-80-01
https://www.digikala.com/product/dkp-2499720/کلاه-کپ-طرح-بارسلونا-کد-h-11,۹۴۵۰۰,2499720,ﺏﺎﻘﻧ ﻭ ﻩﻼﮐ,75,https://www.digikala.com/product/dkp-2499720/کلاه-کپ-طرح-بارسلونا-کد-h-11
https://www.digikala.com/product/dkp-3191439/کلاه-کپ-کد-h-47,۱۳۶۰۰۰,3191439,ﺏﺎﻘﻧ ﻭ ﻩﻼﮐ,75,https://www.digikala.com/product/dkp-3191439/کلاه-کپ-کد-h-47
https://www.digikala.com/product/dkp-2898288/کلاه-کد-h-34,۹۹۰۰۰,2898288,ﺏﺎﻘﻧ ﻭ ﻩﻼﮐ,75,https://www.digikala.com/product/dkp-2898288/کلاه-کد-h-34
https://www.digikala.com/product/dkp-3249615/کلاه-کپ-کد-h-50,۱۰۴۰۰۰,3249615,ﺏﺎﻘﻧ ﻭ ﻩﻼﮐ,75,https://www.digikala.com/product/dkp-3249615/کلاه-کپ-کد-h-50
https://www.digikala.com/product/dkp-3764336/کلاه-کد-h-58,۹۴۵۰۰,3764336,ﺏﺎﻘﻧ ﻭ ﻩﻼﮐ,75,https://www.digikala.com/product/dkp-3764336/کلاه-کد-h-58
https://www.digikala.com/product/dkp-3739368/کلاه-کد-h-53,۸۱۰۰۰,3739368,ﺏﺎﻘﻧ ﻭ ﻩﻼﮐ,75,https://www.digikala.com/product/dkp-3739368/کلاه-کد-h-53
https://www.digikala.com/product/dkp-5066514/کلاه-کپ-مدل-h-68n,۱۰۸۰۰۰,5066514,ﺏﺎﻘﻧ ﻭ ﻩﻼﮐ,75,https://www.digikala.com/product/dkp-5066514/کلاه-کپ-مدل-h-68n
https://www.digikala.com/product/dkp-2690662/کلاه-کپ-کد-h-26adf,۱۱۷۰۰۰,2690662,ﺏﺎﻘﻧ ﻭ ﻩﻼﮐ,75,https://www.digikala.com/product/dkp-2690662/کلاه-کپ-کد-h-26adf
https://www.digikala.com/product/dkp-2928717/کلاه-کپ-کد-h-40,۱۲۷۵۰۰,2928717,ﺏﺎﻘﻧ ﻭ ﻩﻼﮐ,75,https://www.digikala.com/product/dkp-2928717/کلاه-کپ-کد-h-40
https://www.digikala.com/product/dkp-3279271/کلاه-کپ-کد-h-45,۴۹۰۰۰,3279271,ﺏﺎﻘﻧ ﻭ ﻩﻼﮐ,75,https://www.digikala.com/product/dkp-3279271/کلاه-کپ-کد-h-45
https://www.digikala.com/product/dkp-6511302/کلاه-کپ-مدل-سنگشور-نرم,۱۲۷۵۰۰,6511302,ﺏﺎﻘﻧ ﻭ ﻩﻼﮐ,75,https://www.digikala.com/product/dkp-6511302/کلاه-کپ-مدل-سنگشور-نرم
https://www.digikala.com/product/dkp-2472236/کلاه-کپ-مدل-h-07,۱۲۷۶۰۰,2472236,ﺏﺎﻘﻧ ﻭ ﻩﻼﮐ,75,https://www.digikala.com/product/dkp-2472236/کلاه-کپ-مدل-h-07
https://www.digikala.com/product/dkp-5229479/کلاه-کپ-مدل-uniter-front-h72,۱۳۶۰۰۰,5229479,ﺏﺎﻘﻧ ﻭ ﻩﻼﮐ,75,https://www.digikala.com/product/dkp-5229479/کلاه-کپ-مدل-uniter-front-h72
https://www.digikala.com/product/dkp-5066368/کلاه-کپ-مدل-h-67j,۱۰۸۰۰۰,5066368,ﺏﺎﻘﻧ ﻭ ﻩﻼﮐ,75,https://www.digikala.com/product/dkp-5066368/کلاه-کپ-مدل-h-67j
https://www.digikala.com/product/dkp-4687924/کلاه-آفتابگیر-کد-h-64,۶۶۰۰۰,4687924,ﺏﺎﻘﻧ ﻭ ﻩﻼﮐ,75,https://www.digikala.com/product/dkp-4687924/کلاه-آفتابگیر-کد-h-64
https://www.digikala.com/product/dkp-2466584/کلاه-کپ-مدل-h-02,۱۰۸۰۰۰,2466584,ﺏﺎﻘﻧ ﻭ ﻩﻼﮐ,75,https://www.digikala.com/product/dkp-2466584/کلاه-کپ-مدل-h-02
https://www.digikala.com/product/dkp-2499806/کلاه-کپ-طرح-رئال-مادرید-کد-h-12,۶۷۵۰۰,2499806,ﺏﺎﻘﻧ ﻭ ﻩﻼﮐ,75,https://www.digikala.com/product/dkp-2499806/کلاه-کپ-طرح-رئال-مادرید-کد-h-12
https://www.digikala.com/product/dkp-2543884/کلاه-کپ-کد-h-23,۱۱۷۰۰۰,2543884,ﺏﺎﻘﻧ ﻭ ﻩﻼﮐ,75,https://www.digikala.com/product/dkp-2543884/کلاه-کپ-کد-h-23
https://www.digikala.com/product/dkp-2916957/کلاه-کپ-کد-h-38,۱۱۹۰۰۰,2916957,ﺏﺎﻘﻧ ﻭ ﻩﻼﮐ,75,https://www.digikala.com/product/dkp-2916957/کلاه-کپ-کد-h-38
https://www.digikala.com/product/dkp-3761976/کلاه-کد-h-54,۷۶۵۰۰,3761976,ﺏﺎﻘﻧ ﻭ ﻩﻼﮐ,75,https://www.digikala.com/product/dkp-3761976/کلاه-کد-h-54
https://www.digikala.com/product/dkp-3762004/کلاه-طرح-قطره-کد-h-55,۸۱۰۰۰,3762004,ﺏﺎﻘﻧ ﻭ ﻩﻼﮐ,75,https://www.digikala.com/product/dkp-3762004/کلاه-طرح-قطره-کد-h-55
https://www.digikala.com/product/dkp-3248913/کلاه-کپ-کد-h-48,۱۳۶۰۰۰,3248913,ﺏﺎﻘﻧ ﻭ ﻩﻼﮐ,75,https://www.digikala.com/product/dkp-3248913/کلاه-کپ-کد-h-48
https://www.digikala.com/product/dkp-1637333/کلاه-کوهنوردی-مدل-c114,۱۶۵۰۰۰,1637333,ﺏﺎﻘﻧ ﻭ ﻩﻼﮐ,75,https://www.digikala.com/product/dkp-1637333/کلاه-کوهنوردی-مدل-c114
https://www.digikala.com/product/dkp-4881726/کلاه-کپ-کد-h-66n,۱۱۷۰۰۰,4881726,ﺏﺎﻘﻧ ﻭ ﻩﻼﮐ,75,https://www.digikala.com/product/dkp-4881726/کلاه-کپ-کد-h-66n
https://www.digikala.com/product/dkp-2502313/کلاه-کپ-طرح-بارسلونا-کد-h-16,۶۳۷۵۰,2502313,ﺏﺎﻘﻧ ﻭ ﻩﻼﮐ,75,https://www.digikala.com/product/dkp-2502313/کلاه-کپ-طرح-بارسلونا-کد-h-16
https://www.digikala.com/product/dkp-2467831/کلاه-کپ-مدل-h-05,۸۹۲۵۰,2467831,ﺏﺎﻘﻧ ﻭ ﻩﻼﮐ,75,https://www.digikala.com/product/dkp-2467831/کلاه-کپ-مدل-h-05
https://www.digikala.com/product/dkp-2933182/کلاه-کپ-کد-h-41,۱۳۶۰۰۰,2933182,ﺏﺎﻘﻧ ﻭ ﻩﻼﮐ,75,https://www.digikala.com/product/dkp-2933182/کلاه-کپ-کد-h-41
https://www.digikala.com/product/dkp-2838221/کلاه-کپ-طرح-فشن-کد-h-30,۱۱۰۵۰۰,2838221,ﺏﺎﻘﻧ ﻭ ﻩﻼﮐ,75,https://www.digikala.com/product/dkp-2838221/کلاه-کپ-طرح-فشن-کد-h-30
https://www.digikala.com/product/dkp-5255924/کلاه-کپ-مدل-gulin-outdoor-h74,۱۴۴۰۰۰,5255924,ﺏﺎﻘﻧ ﻭ ﻩﻼﮐ,75,https://www.digikala.com/product/dkp-5255924/کلاه-کپ-مدل-gulin-outdoor-h74
https://www.digikala.com/product/dkp-2504140/كلاه-كپ-مدل-h-19,۱۱۴۴۰۰,2504140,ﺏﺎﻘﻧ ﻭ ﻩﻼﮐ,75,https://www.digikala.com/product/dkp-2504140/كلاه-كپ-مدل-h-19
https://www.digikala.com/product/dkp-2917753/کلاه-کپ-کد-h-39,۱۱۹۰۰۰,2917753,ﺏﺎﻘﻧ ﻭ ﻩﻼﮐ,75,https://www.digikala.com/product/dkp-2917753/کلاه-کپ-کد-h-39
https://www.digikala.com/product/dkp-3701281/کلاه-مدل-گوشگیر-دار-کد-h-52,۱۷۹۰۰۰,3701281,ﺏﺎﻘﻧ ﻭ ﻩﻼﮐ,75,https://www.digikala.com/product/dkp-3701281/کلاه-مدل-گوشگیر-دار-کد-h-52
https://www.digikala.com/product/dkp-4693338/کلاه-آفتابگیر-کد-h-65,۶۷۵۰۰,4693338,ﺏﺎﻘﻧ ﻭ ﻩﻼﮐ,75,https://www.digikala.com/product/dkp-4693338/کلاه-آفتابگیر-کد-h-65
https://www.digikala.com/product/dkp-2467692/کلاه-کپ-مدل-h-04,۱۳۶۰۰۰,2467692,ﺏﺎﻘﻧ ﻭ ﻩﻼﮐ,75,https://www.digikala.com/product/dkp-2467692/کلاه-کپ-مدل-h-04
https://www.digikala.com/product/dkp-2502003/کلاه-کپ-طرح-پوست-مار-کد-h-15,۱۲۶۰۰۰,2502003,ﺏﺎﻘﻧ ﻭ ﻩﻼﮐ,75,https://www.digikala.com/product/dkp-2502003/کلاه-کپ-طرح-پوست-مار-کد-h-15
https://www.digikala.com/product/dkp-2690499/کلاه-کپ-کد-h-24-nb,۱۱۰۵۰۰,2690499,ﺏﺎﻘﻧ ﻭ ﻩﻼﮐ,75,https://www.digikala.com/product/dkp-2690499/کلاه-کپ-کد-h-24-nb
https://www.digikala.com/product/dkp-2909169/کلاه-کپ-کد-h-36,۱۴۴۵۰۰,2909169,ﺏﺎﻘﻧ ﻭ ﻩﻼﮐ,75,https://www.digikala.com/product/dkp-2909169/کلاه-کپ-کد-h-36
https://www.digikala.com/product/dkp-2795578/کلاه-کپ-کد-h-29-r,۹۳۷۵۰,2795578,ﺏﺎﻘﻧ ﻭ ﻩﻼﮐ,75,https://www.digikala.com/product/dkp-2795578/کلاه-کپ-کد-h-29-r
https://www.digikala.com/product/dkp-2893982/کلاه-طرح-اسپشیال-کد-h-32,۱۱۹۰۰۰,2893982,ﺏﺎﻘﻧ ﻭ ﻩﻼﮐ,75,https://www.digikala.com/product/dkp-2893982/کلاه-طرح-اسپشیال-کد-h-32
https://www.digikala.com/product/dkp-4655251/کلاه-آفتابگیر-کد-h-62,۶۷۵۰۰,4655251,ﺏﺎﻘﻧ ﻭ ﻩﻼﮐ,75,https://www.digikala.com/product/dkp-4655251/کلاه-آفتابگیر-کد-h-62
https://www.digikala.com/product/dkp-2894010/کلاه-کپ-طرح-بارسلونا-کد-h-31-02,۷۹۰۰۰,2894010,ﺏﺎﻘﻧ ﻭ ﻩﻼﮐ,75,https://www.digikala.com/product/dkp-2894010/کلاه-کپ-طرح-بارسلونا-کد-h-31-02
https://www.digikala.com/product/dkp-2427250/قمقمه-مدل-h2o-گنجایش-07-لیتر,۱۴۵۰۰۰,2427250,ﺮﮑﯿﺷ ﻭ ﻪﻤﻘﻤﻗ,5,https://www.digikala.com/product/dkp-2427250/قمقمه-مدل-h2o-گنجایش-07-لیتر
https://www.digikala.com/product/dkp-2414935/قمقمه-ووبن-کد-406-ظرفیت-057-لیتر,۱۴۰۰۰۰,2414935,ﺮﮑﯿﺷ ﻭ ﻪﻤﻘﻤﻗ,5,https://www.digikala.com/product/dkp-2414935/قمقمه-ووبن-کد-406-ظرفیت-057-لیتر
https://www.digikala.com/product/dkp-2415878/قمقمه-ووبن-کد-402-ظرفیت-060-لیتر,۱۴۸۵۲۰,2415878,ﺮﮑﯿﺷ ﻭ ﻪﻤﻘﻤﻗ,5,https://www.digikala.com/product/dkp-2415878/قمقمه-ووبن-کد-402-ظرفیت-060-لیتر
https://www.digikala.com/product/dkp-2426414/قمقمه-کد-2004-گنجایش-07-لیتر,۱۱۹۰۰۰,2426414,ﺮﮑﯿﺷ ﻭ ﻪﻤﻘﻤﻗ,5,https://www.digikala.com/product/dkp-2426414/قمقمه-کد-2004-گنجایش-07-لیتر
https://www.digikala.com/product/dkp-2415580/قمقمه-ووبن-کد-407-ظرفیت-067-لیتر,۱۴۲۵۰۰,2415580,ﺮﮑﯿﺷ ﻭ ﻪﻤﻘﻤﻗ,5,https://www.digikala.com/product/dkp-2415580/قمقمه-ووبن-کد-407-ظرفیت-067-لیتر
https://www.digikala.com/product/dkp-3449354/توپ-پیلاتس-مدل-pi-02-قطر-۲۵-سانتیمتر,۴۶۵۵۰,3449354,ﯼﺯﺎﺴﻧﺪﺑ ﻡﺯﺍﻮﻟ ﻭ ﺎﻫ ﺶﮑﺘﺳﺩ,24,https://www.digikala.com/product/dkp-3449354/توپ-پیلاتس-مدل-pi-02-قطر-۲۵-سانتیمتر
https://www.digikala.com/product/dkp-2476361/دستكش-بدنسازي-مدل-gl-05,۱۲۰۰۰۰,2476361,ﯼﺯﺎﺴﻧﺪﺑ ﻡﺯﺍﻮﻟ ﻭ ﺎﻫ ﺶﮑﺘﺳﺩ,24,https://www.digikala.com/product/dkp-2476361/دستكش-بدنسازي-مدل-gl-05
https://www.digikala.com/product/dkp-680761/دستکش-پیلاتس-مدل-fashion,۴۷۷۰۰,680761,ﯼﺯﺎﺴﻧﺪﺑ ﻡﺯﺍﻮﻟ ﻭ ﺎﻫ ﺶﮑﺘﺳﺩ,24,https://www.digikala.com/product/dkp-680761/دستکش-پیلاتس-مدل-fashion
https://www.digikala.com/product/dkp-2498104/دستکش-دروازبانی-مردانه-کد-gl-33,۲۶۶۰۰۰,2498104,ﯼﺯﺎﺴﻧﺪﺑ ﻡﺯﺍﻮﻟ ﻭ ﺎﻫ ﺶﮑﺘﺳﺩ,24,https://www.digikala.com/product/dkp-2498104/دستکش-دروازبانی-مردانه-کد-gl-33
https://www.digikala.com/product/dkp-677173/کش-ورزشی-مدل-1119,۴۸۶۰۰,677173,ﯼﺯﺎﺴﻧﺪﺑ ﻡﺯﺍﻮﻟ ﻭ ﺎﻫ ﺶﮑﺘﺳﺩ,24,https://www.digikala.com/product/dkp-677173/کش-ورزشی-مدل-1119
https://www.digikala.com/product/dkp-2489411/دستکش-دروازبانی-مردانه-کد-gl-18,۲۶۶۰۰۰,2489411,ﯼﺯﺎﺴﻧﺪﺑ ﻡﺯﺍﻮﻟ ﻭ ﺎﻫ ﺶﮑﺘﺳﺩ,24,https://www.digikala.com/product/dkp-2489411/دستکش-دروازبانی-مردانه-کد-gl-18
https://www.digikala.com/product/dkp-2489467/دستکش-دروازبانی-مردانه-کد-gl-19,۲۶۶۰۰۰,2489467,ﯼﺯﺎﺴﻧﺪﺑ ﻡﺯﺍﻮﻟ ﻭ ﺎﻫ ﺶﮑﺘﺳﺩ,24,https://www.digikala.com/product/dkp-2489467/دستکش-دروازبانی-مردانه-کد-gl-19
https://www.digikala.com/product/dkp-2792772/کش-ورزشی-کد-cx-150,۱۲۰۰۰۰,2792772,ﯼﺯﺎﺴﻧﺪﺑ ﻡﺯﺍﻮﻟ ﻭ ﺎﻫ ﺶﮑﺘﺳﺩ,24,https://www.digikala.com/product/dkp-2792772/کش-ورزشی-کد-cx-150
https://www.digikala.com/product/dkp-4265475/دستکش-دروازه-بانی-مردانه-کد-gl-40,۲۶۶۰۰۰,4265475,ﯼﺯﺎﺴﻧﺪﺑ ﻡﺯﺍﻮﻟ ﻭ ﺎﻫ ﺶﮑﺘﺳﺩ,24,https://www.digikala.com/product/dkp-4265475/دستکش-دروازه-بانی-مردانه-کد-gl-40
https://www.digikala.com/product/dkp-6742591/دستکش-بدنسازی-زنانه-مدل-stars-سایز-l,۱۱۹۶۰۰,6742591,ﯼﺯﺎﺴﻧﺪﺑ ﻡﺯﺍﻮﻟ ﻭ ﺎﻫ ﺶﮑﺘﺳﺩ,24,https://www.digikala.com/product/dkp-6742591/دستکش-بدنسازی-زنانه-مدل-stars-سایز-l
https://www.digikala.com/product/dkp-6962925/دستکش-ورزشی-مدل-re-45-l,۱۲۶۰۰۰,6962925,ﯼﺯﺎﺴﻧﺪﺑ ﻡﺯﺍﻮﻟ ﻭ ﺎﻫ ﺶﮑﺘﺳﺩ,24,https://www.digikala.com/product/dkp-6962925/دستکش-ورزشی-مدل-re-45-l
https://www.digikala.com/product/dkp-6965074/دستکش-ورزشی-مدل-ad-46-xl,۱۲۶۰۰۰,6965074,ﯼﺯﺎﺴﻧﺪﺑ ﻡﺯﺍﻮﻟ ﻭ ﺎﻫ ﺶﮑﺘﺳﺩ,24,https://www.digikala.com/product/dkp-6965074/دستکش-ورزشی-مدل-ad-46-xl
https://www.digikala.com/product/dkp-6742551/دستکش-بدنسازی-زنانه-مدل-stars-سایز-m,۱۱۹۶۰۰,6742551,ﯼﺯﺎﺴﻧﺪﺑ ﻡﺯﺍﻮﻟ ﻭ ﺎﻫ ﺶﮑﺘﺳﺩ,24,https://www.digikala.com/product/dkp-6742551/دستکش-بدنسازی-زنانه-مدل-stars-سایز-m
https://www.digikala.com/product/dkp-2495900/دستکش-بدنسازی-کد-gl-26-سایز-m,۱۳۷۷۵۰,2495900,ﯼﺯﺎﺴﻧﺪﺑ ﻡﺯﺍﻮﻟ ﻭ ﺎﻫ ﺶﮑﺘﺳﺩ,24,https://www.digikala.com/product/dkp-2495900/دستکش-بدنسازی-کد-gl-26-سایز-m
https://www.digikala.com/product/dkp-6965024/دستکش-ورزشی-مدل-ad-46-l,۱۲۶۰۰۰,6965024,ﯼﺯﺎﺴﻧﺪﺑ ﻡﺯﺍﻮﻟ ﻭ ﺎﻫ ﺶﮑﺘﺳﺩ,24,https://www.digikala.com/product/dkp-6965024/دستکش-ورزشی-مدل-ad-46-l
https://www.digikala.com/product/dkp-6962900/دستکش-ورزشی-مدل-re-45-xl,۱۲۶۰۰۰,6962900,ﯼﺯﺎﺴﻧﺪﺑ ﻡﺯﺍﻮﻟ ﻭ ﺎﻫ ﺶﮑﺘﺳﺩ,24,https://www.digikala.com/product/dkp-6962900/دستکش-ورزشی-مدل-re-45-xl
https://www.digikala.com/product/dkp-6714341/دستکش-بدنسازی-زنانه-مدل-gym-fitness-سایز-m,۱۱۹۶۰۰,6714341,ﯼﺯﺎﺴﻧﺪﺑ ﻡﺯﺍﻮﻟ ﻭ ﺎﻫ ﺶﮑﺘﺳﺩ,24,https://www.digikala.com/product/dkp-6714341/دستکش-بدنسازی-زنانه-مدل-gym-fitness-سایز-m
https://www.digikala.com/product/dkp-6915114/دستکش-بدنسازی-زنانه-مدل-re-44-سایز-m,۱۱۹۶۰۰,6915114,ﯼﺯﺎﺴﻧﺪﺑ ﻡﺯﺍﻮﻟ ﻭ ﺎﻫ ﺶﮑﺘﺳﺩ,24,https://www.digikala.com/product/dkp-6915114/دستکش-بدنسازی-زنانه-مدل-re-44-سایز-m
https://www.digikala.com/product/dkp-6973894/دستکش-ورزشی-مدل-cp-47-l,۱۷۹۴۰۰,6973894,ﯼﺯﺎﺴﻧﺪﺑ ﻡﺯﺍﻮﻟ ﻭ ﺎﻫ ﺶﮑﺘﺳﺩ,24,https://www.digikala.com/product/dkp-6973894/دستکش-ورزشی-مدل-cp-47-l
https://www.digikala.com/product/dkp-2476426/دستکش-بدنسازی-مردانه-مدل-glfx,۱۳۷۷۵۰,2476426,ﯼﺯﺎﺴﻧﺪﺑ ﻡﺯﺍﻮﻟ ﻭ ﺎﻫ ﺶﮑﺘﺳﺩ,24,https://www.digikala.com/product/dkp-2476426/دستکش-بدنسازی-مردانه-مدل-glfx
https://www.digikala.com/product/dkp-6915178/دستکش-بدنسازی-زنانه-مدل-re-44-سایز-l,۱۱۹۶۰۰,6915178,ﯼﺯﺎﺴﻧﺪﺑ ﻡﺯﺍﻮﻟ ﻭ ﺎﻫ ﺶﮑﺘﺳﺩ,24,https://www.digikala.com/product/dkp-6915178/دستکش-بدنسازی-زنانه-مدل-re-44-سایز-l
https://www.digikala.com/product/dkp-6976269/دستکش-ورزشی-مدل-papu-48-l,۲۷۰۰۰۰,6976269,ﯼﺯﺎﺴﻧﺪﺑ ﻡﺯﺍﻮﻟ ﻭ ﺎﻫ ﺶﮑﺘﺳﺩ,24,https://www.digikala.com/product/dkp-6976269/دستکش-ورزشی-مدل-papu-48-l
https://www.digikala.com/product/dkp-6714406/دستکش-بدنسازی-زنانه-مدل-gym-fitness-سایز-l,۱۱۹۶۰۰,6714406,ﯼﺯﺎﺴﻧﺪﺑ ﻡﺯﺍﻮﻟ ﻭ ﺎﻫ ﺶﮑﺘﺳﺩ,24,https://www.digikala.com/product/dkp-6714406/دستکش-بدنسازی-زنانه-مدل-gym-fitness-سایز-l
https://www.digikala.com/product/dkp-7427650/دستکش-دروازه-بانی-مردانه-مدل-gl-49,۳۹۰۰۰۰,7427650,ﯼﺯﺎﺴﻧﺪﺑ ﻡﺯﺍﻮﻟ ﻭ ﺎﻫ ﺶﮑﺘﺳﺩ,24,https://www.digikala.com/product/dkp-7427650/دستکش-دروازه-بانی-مردانه-مدل-gl-49
https://www.digikala.com/product/dkp-2802074/مایو-پسرانه-طرح-mcqueen-کد-sw-15,۹۹۰۰۰,2802074,ﻮﯾﺎﻣ ﻭ ﻪﻟﻮﺣ,18,https://www.digikala.com/product/dkp-2802074/مایو-پسرانه-طرح-mcqueen-کد-sw-15
https://www.digikala.com/product/dkp-3048795/حوله-استخری-طرح-ساحل-کد-sw-21-سایز-150x80-سانتی-متر,۸۷۳۰۰,3048795,ﻮﯾﺎﻣ ﻭ ﻪﻟﻮﺣ,18,https://www.digikala.com/product/dkp-3048795/حوله-استخری-طرح-ساحل-کد-sw-21-سایز-150x80-سانتی-متر
https://www.digikala.com/product/dkp-3255727/مایو-مردانه-کد-sw-24,۱۲۰۵۲۰,3255727,ﻮﯾﺎﻣ ﻭ ﻪﻟﻮﺣ,18,https://www.digikala.com/product/dkp-3255727/مایو-مردانه-کد-sw-24
https://www.digikala.com/product/dkp-2549997/مایو-پسرانه-طرح-ماشین-کد-sw-08,۹۹۰۰۰,2549997,ﻮﯾﺎﻣ ﻭ ﻪﻟﻮﺣ,18,https://www.digikala.com/product/dkp-2549997/مایو-پسرانه-طرح-ماشین-کد-sw-08
https://www.digikala.com/product/dkp-3255740/مایو-مردانه-کد-sw-25,۱۲۰۵۲۰,3255740,ﻮﯾﺎﻣ ﻭ ﻪﻟﻮﺣ,18,https://www.digikala.com/product/dkp-3255740/مایو-مردانه-کد-sw-25
https://www.digikala.com/product/dkp-2549942/مایو-پسرانه-طرح-ربات-کد-sw-07,۹۹۰۰۰,2549942,ﻮﯾﺎﻣ ﻭ ﻪﻟﻮﺣ,18,https://www.digikala.com/product/dkp-2549942/مایو-پسرانه-طرح-ربات-کد-sw-07
https://www.digikala.com/product/dkp-2900284/مایو-مردانه-کد-sw-19,۱۲۰۵۲۰,2900284,ﻮﯾﺎﻣ ﻭ ﻪﻟﻮﺣ,18,https://www.digikala.com/product/dkp-2900284/مایو-مردانه-کد-sw-19
https://www.digikala.com/product/dkp-3283588/مایو-مردانه-کد-sw-27,۱۳۳۰۰۰,3283588,ﻮﯾﺎﻣ ﻭ ﻪﻟﻮﺣ,18,https://www.digikala.com/product/dkp-3283588/مایو-مردانه-کد-sw-27
https://www.digikala.com/product/dkp-5689307/مایو-مردانه-مانتیان-کد-sw-26,۱۴۲۶۰۰,5689307,ﻮﯾﺎﻣ ﻭ ﻪﻟﻮﺣ,18,https://www.digikala.com/product/dkp-5689307/مایو-مردانه-مانتیان-کد-sw-26
https://www.digikala.com/product/dkp-4641152/حوله-استخری-طرح-خرس-قطبی-کد-sw-29-سایز-150x80-سانتیمتر,۸۷۳۰۰,4641152,ﻮﯾﺎﻣ ﻭ ﻪﻟﻮﺣ,18,https://www.digikala.com/product/dkp-4641152/حوله-استخری-طرح-خرس-قطبی-کد-sw-29-سایز-150x80-سانتیمتر
https://www.digikala.com/product/dkp-3283619/مایو-مردانه-کد-sw-28,۱۳۳۰۰۰,3283619,ﻮﯾﺎﻣ ﻭ ﻪﻟﻮﺣ,18,https://www.digikala.com/product/dkp-3283619/مایو-مردانه-کد-sw-28
https://www.digikala.com/product/dkp-4641225/حوله-استخری-طرح-ماهی-آکواریوم-کد-sw-32-سایز-150x80-سانتیمتر,۸۷۳۰۰,4641225,ﻮﯾﺎﻣ ﻭ ﻪﻟﻮﺣ,18,https://www.digikala.com/product/dkp-4641225/حوله-استخری-طرح-ماهی-آکواریوم-کد-sw-32-سایز-150x80-سانتیمتر
https://www.digikala.com/product/dkp-4641202/حوله-استخری-طرح-قو-کد-sw-31-سایز-150x80-سانتیمتر,۸۷۳۰۰,4641202,ﻮﯾﺎﻣ ﻭ ﻪﻟﻮﺣ,18,https://www.digikala.com/product/dkp-4641202/حوله-استخری-طرح-قو-کد-sw-31-سایز-150x80-سانتیمتر
https://www.digikala.com/product/dkp-6566000/حوله-استخری-طرح-اسکله-کد-sw-34-سایز-150x80-سانتیمتر,۸۷۳۰۰,6566000,ﻮﯾﺎﻣ ﻭ ﻪﻟﻮﺣ,18,https://www.digikala.com/product/dkp-6566000/حوله-استخری-طرح-اسکله-کد-sw-34-سایز-150x80-سانتیمتر
https://www.digikala.com/product/dkp-4641179/حوله-استخری-طرح-dog-کد-sw-30-سایز-150x80-سانتیمتر,۸۷۳۰۰,4641179,ﻮﯾﺎﻣ ﻭ ﻪﻟﻮﺣ,18,https://www.digikala.com/product/dkp-4641179/حوله-استخری-طرح-dog-کد-sw-30-سایز-150x80-سانتیمتر
https://www.digikala.com/product/dkp-5689404/مایو-مردانه-منتیان-کد-sw-33,۱۴۷۲۵۰,5689404,ﻮﯾﺎﻣ ﻭ ﻪﻟﻮﺣ,18,https://www.digikala.com/product/dkp-5689404/مایو-مردانه-منتیان-کد-sw-33
https://www.digikala.com/product/dkp-3048809/حوله-استخری-طرح-پرنده-کد-sw-22-سایز-150x80-سانتی-متر,۸۷۳۰۰,3048809,ﻮﯾﺎﻣ ﻭ ﻪﻟﻮﺣ,18,https://www.digikala.com/product/dkp-3048809/حوله-استخری-طرح-پرنده-کد-sw-22-سایز-150x80-سانتی-متر
https://www.digikala.com/product/dkp-2837746/حوله-استخری-طرح-دایره-کد-sw-17-سایز-80x150-سانتی-متر,۸۷۳۰۰,2837746,ﻮﯾﺎﻣ ﻭ ﻪﻟﻮﺣ,18,https://www.digikala.com/product/dkp-2837746/حوله-استخری-طرح-دایره-کد-sw-17-سایز-80x150-سانتی-متر
